Variant/Haplotypes	ref	alt
rs1476413	C	G
rs1476413	C	T
rs1801131	T	G
rs1801133	G	A
rs1801133	G	C
rs12083537	A	G
rs12248560	C	A
rs12248560	C	T
rs1799853	C	T
rs2153628	A	G
rs2070762	A	G
rs2070762	A	T
rs2279287	T	A
rs2279287	T	C
rs2279287	T	G
rs1982350	A	G
rs2278749	C	T
rs1695	A	G
rs1800497	G	A
rs6311	C	A
rs6311	C	T
rs17655	G	C
rs2494732	T	C
rs2494732	T	G
rs4646	A	C
rs708272	G	A
rs708272	G	C
rs5882	G	A
rs5882	G	C
rs1042522	G	A
rs1042522	G	C
rs1042522	G	T
rs4291	T	A
rs4291	T	C
rs4343	G	A
rs1800471	C	G
rs1800471	C	T
rs1800469	A	G
rs25487	T	C
rs25487	T	G
rs429358	T	C
rs3212986	C	A
rs3212986	C	G
rs3212986	C	T
rs3212964	C	G
rs3212964	C	T
rs11615	A	G
rs1143634	G	A
rs2304672	G	C
rs73598374	C	A
rs73598374	C	G
rs73598374	C	T
rs266729	C	A
rs266729	C	G
rs266729	C	T
rs2241766	T	A
rs2241766	T	C
rs2241766	T	G
rs1501299	G	C
rs1501299	G	T
rs1801260	A	G
rs6878291	G	A
rs6878291	G	C
rs7703002	A	C
rs7703002	A	G
rs7703002	A	T
rs249429	C	A
rs249429	C	G
rs249429	C	T
rs2053044	A	G
rs2053044	A	T
rs1042713	G	A
rs1042713	G	C
rs1800629	G	A
rs361525	G	A
rs1800797	A	C
rs1800797	A	G
rs1800797	A	T
rs1800796	G	A
rs1800796	G	C
rs1800795	C	G
rs1800795	C	T
rs2293347	C	T
rs662	T	A
rs662	T	C
rs662	T	G
rs1799983	T	A
rs1799983	T	G
rs2070762	A	G
rs2070762	A	T
rs2279287	T	A
rs2279287	T	C
rs2279287	T	G
rs1982350	A	G
rs2278749	C	T
rs1695	A	G
rs1800497	G	A
rs6311	C	A
rs6311	C	T
rs17655	G	C
rs2494732	T	C
rs2494732	T	G
rs4646	A	C
rs708272	G	A
rs708272	G	C
rs5882	G	A
rs5882	G	C
rs1042522	G	A
rs1042522	G	C
rs1042522	G	T
rs4291	T	A
rs4291	T	C
rs4343	G	A
rs1800471	C	G
rs1800471	C	T
rs1800469	A	G
rs25487	T	C
rs25487	T	G
rs429358	T	C
rs3212986	C	A
rs3212986	C	G
rs3212986	C	T
rs3212964	C	G
rs3212964	C	T
rs11615	A	G
rs1143634	G	A
rs2304672	G	C
rs73598374	C	A
rs73598374	C	G
rs73598374	C	T
rs266729	C	A
rs266729	C	G
rs266729	C	T
rs2241766	T	A
rs2241766	T	C
rs2241766	T	G
rs1501299	G	C
rs1501299	G	T
rs1801260	A	G
rs6878291	G	A
rs6878291	G	C
rs7703002	A	C
rs7703002	A	G
rs7703002	A	T
rs249429	C	A
rs249429	C	G
rs249429	C	T
rs2053044	A	G
rs2053044	A	T
rs1042713	G	A
rs1042713	G	C
rs1800629	G	A
rs361525	G	A
rs1800797	A	C
rs1800797	A	G
rs1800797	A	T
rs1800796	G	A
rs1800796	G	C
rs1800795	C	G
rs1800795	C	T
rs2293347	C	T
rs662	T	A
rs662	T	C
rs662	T	G
rs1799983	T	A
rs1799983	T	G
rs6311	C	A
rs6311	C	T
rs17655	G	C
rs2494732	T	C
rs2494732	T	G
rs4646	A	C
rs708272	G	A
rs708272	G	C
rs5882	G	A
rs5882	G	C
rs1042522	G	A
rs1042522	G	C
rs1042522	G	T
rs4291	T	A
rs4291	T	C
rs4343	G	A
rs1800471	C	G
rs1800471	C	T
rs1800469	A	G
rs25487	T	C
rs25487	T	G
rs429358	T	C
rs3212986	C	A
rs3212986	C	G
rs3212986	C	T
rs3212964	C	G
rs3212964	C	T
rs11615	A	G
rs1143634	G	A
rs2304672	G	C
rs73598374	C	A
rs73598374	C	G
rs73598374	C	T
rs266729	C	A
rs266729	C	G
rs266729	C	T
rs2241766	T	A
rs2241766	T	C
rs2241766	T	G
rs1501299	G	C
rs1501299	G	T
rs1801260	A	G
rs6878291	G	A
rs6878291	G	C
rs7703002	A	C
rs7703002	A	G
rs7703002	A	T
rs249429	C	A
rs249429	C	G
rs249429	C	T
rs2053044	A	G
rs2053044	A	T
rs1042713	G	A
rs1042713	G	C
rs1800629	G	A
rs361525	G	A
rs1800797	A	C
rs1800797	A	G
rs1800797	A	T
rs1800796	G	A
rs1800796	G	C
rs1800795	C	G
rs1800795	C	T
rs2293347	C	T
rs662	T	A
rs662	T	C
rs662	T	G
rs1799983	T	A
rs1799983	T	G
rs1800471	C	G
rs1800471	C	T
rs1800469	A	G
rs25487	T	C
rs25487	T	G
rs429358	T	C
rs3212986	C	A
rs3212986	C	G
rs3212986	C	T
rs3212964	C	G
rs3212964	C	T
rs11615	A	G
rs1143634	G	A
rs2304672	G	C
rs73598374	C	A
rs73598374	C	G
rs73598374	C	T
rs266729	C	A
rs266729	C	G
rs266729	C	T
rs2241766	T	A
rs2241766	T	C
rs2241766	T	G
rs1501299	G	C
rs1501299	G	T
rs1801260	A	G
rs6878291	G	A
rs6878291	G	C
rs7703002	A	C
rs7703002	A	G
rs7703002	A	T
rs249429	C	A
rs249429	C	G
rs249429	C	T
rs2053044	A	G
rs2053044	A	T
rs1042713	G	A
rs1042713	G	C
rs1800629	G	A
rs361525	G	A
rs1800797	A	C
rs1800797	A	G
rs1800797	A	T
rs1800796	G	A
rs1800796	G	C
rs1800795	C	G
rs1800795	C	T
rs2293347	C	T
rs662	T	A
rs662	T	C
rs662	T	G
rs1799983	T	A
rs1799983	T	G
rs2304672	G	C
rs73598374	C	A
rs73598374	C	G
rs73598374	C	T
rs266729	C	A
rs266729	C	G
rs266729	C	T
rs2241766	T	A
rs2241766	T	C
rs2241766	T	G
rs1501299	G	C
rs1501299	G	T
rs1801260	A	G
rs6878291	G	A
rs6878291	G	C
rs7703002	A	C
rs7703002	A	G
rs7703002	A	T
rs249429	C	A
rs249429	C	G
rs249429	C	T
rs2053044	A	G
rs2053044	A	T
rs1042713	G	A
rs1042713	G	C
rs1800629	G	A
rs361525	G	A
rs1800797	A	C
rs1800797	A	G
rs1800797	A	T
rs1800796	G	A
rs1800796	G	C
rs1800795	C	G
rs1800795	C	T
rs2293347	C	T
rs662	T	A
rs662	T	C
rs662	T	G
rs1799983	T	A
rs1799983	T	G
rs6878291	G	A
rs6878291	G	C
rs7703002	A	C
rs7703002	A	G
rs7703002	A	T
rs249429	C	A
rs249429	C	G
rs249429	C	T
rs2053044	A	G
rs2053044	A	T
rs1042713	G	A
rs1042713	G	C
rs1800629	G	A
rs361525	G	A
rs1800797	A	C
rs1800797	A	G
rs1800797	A	T
rs1800796	G	A
rs1800796	G	C
rs1800795	C	G
rs1800795	C	T
rs2293347	C	T
rs662	T	A
rs662	T	C
rs662	T	G
rs1799983	T	A
rs1799983	T	G
rs1800797	A	C
rs1800797	A	G
rs1800797	A	T
rs1800796	G	A
rs1800796	G	C
rs1800795	C	G
rs1800795	C	T
rs2293347	C	T
rs662	T	A
rs662	T	C
rs662	T	G
rs1799983	T	A
rs1799983	T	G
